Workbook

Sheet Instructions
A1: Section | B1: Guidance | C1: Details
A2: Workbook purpose | B2: Use this workbook for Phase 1 Commercial patient forecast submissions and normalized monthly demand staging. | C2: CML must stay split into CML_Incident and CML_Prevalent. AML and MDS mix tabs support allocation in module_level mode and QA/reference in segment_level mode.
A3: Frequency choice | B3: Set forecast_frequency to monthly when Commercial has month-level data. Set it to annual when Commercial only has year buckets. | C3: Annual rows are monthlyized through Annual_to_Monthly_Profiles. Do not divide by 12 unless profile_id = FLAT_12.
A4: If forecast_grain = module_level | B4: Monthly mode: fill ModuleLevel_Forecast plus AML_Mix and MDS_Mix. Annual mode: fill Annual_ModuleLevel_Forecast plus AML_Mix and MDS_Mix. | C4: AML and MDS are allocated to segments after monthlyization. For annual module_level submissions, AML_Mix and MDS_Mix can be entered once per geography + year_index; the importer expands that year-level mix across the monthlyized months of the year.
A5: Mix override rule | B5: Use month_index mix rows only when the within-year segment mix differs from the standard annual mix. | C5: If both are present, month_index rows override year_index rows for the same geography and month. CML modules stay separate and do not use AML/MDS mix logic.
A6: If forecast_grain = segment_level | B6: Monthly mode: fill SegmentLevel_Forecast. Annual mode: fill Annual_SegmentLevel_Forecast. | C6: AML_Mix and MDS_Mix can still be used for reasonableness checks, but they are not used to allocate demand in segment_level mode.
A7: CML_Prevalent precedence | B7: If explicit CML_Prevalent forecast rows exist in the active forecast tab, they are the primary demand input. | C7: CML_Prevalent_Assumptions is optional for explicit demand import. If provided, it generates the validation pool; if explicit CML_Prevalent rows are missing, the assumptions sheet can generate a fallback monthly series.
A8: CML_Prevalent validation | B8: If you omit usable CML_Prevalent_Assumptions rows while explicit CML_Prevalent forecast rows are present, the importer continues with a warning and writes a header-only inp_cml_prevalent.csv file. | C8: If you need fallback generation, populate fallback_patients_treated_annual on CML_Prevalent_Assumptions. That fallback path is used only when explicit CML_Prevalent forecast rows are absent from the active forecast sheet.
A9: Geography setup | B9: Maintain one row per geography in Geography_Master. | C9: Seed rows for US and EU are included. Add additional geographies in the blank rows beneath them.
A10: Month index | B10: Use month_index values 1 through 240. | C10: calendar_month is formula-driven from us_aml_mds_initial_approval_date on the Inputs sheet. For annual rows, year_index is converted into the matching calendar year and monthly bucket range.
A11: Profile guidance | B11: Starter profiles are editable defaults, not fixed business assumptions. | C11: Recommended mapping: AML/MDS/CML_Incident launch year -> LAUNCH_RAMP, later years -> STEADY_STATE or FLAT_12; CML_Prevalent first bolus -> CML_PREVALENT_LAUNCH, middle years -> CML_PREVALENT_PEAK, final tail -> CML_PREVALENT_TAIL.
A12: Segment rules | B12: AML segments: 1L_fit, 1L_unfit, RR. MDS segments: HR_MDS, LR_MDS. | C12: For CML rows on SegmentLevel_Forecast, use segment_code = ALL because the business input is already separated by module.
... A15: CML Phase 1 limitation | B15: exhaustion_rule is captured and audited for CML_Prevalent, but Phase 1 does not implement a full dynamic depletion or remainder engine. | C15: Current CML_Prevalent behavior uses the supplied annual totals, launch_month_index, duration_months, and profile logic only. Fuller depletion mechanics are deferred to a later phase.

Sheet Inputs
A1: Input | B1: Value | C1: Required | D1: Guidance
A2: scenario_name | B2: BASE_2029 | C2: yes | D2: Single scenario label carried through every submission row.
A3: forecast_grain | B3: module_level | C3: yes | D3: Choose module_level when forecast is provided at geography x module x month. Choose segment_level when AML/MDS arrive pre-segmented.
A4: forecast_frequency | B4: monthly | C4: yes | D4: Choose monthly for direct monthly entry or annual for year-bucket entry that must be monthlyized through profiles.
A5: us_aml_mds_initial_approval_date | B5: 47119 | C5: yes | D5: Year 1 anchor used for calendar_month formulas across the workbook.
A6: real_geography_list_confirmed | B6: false | C6: yes | D6: Set to true once the Geography_Master list is reviewed and finalized.

Sheet Geography_Master
A1: geography_code | B1: market_group | C1: currency_code | D1: launch_sequence_rank | E1: active_flag
A2: US | B2: North America | C2: USD | D2: 1 | E2: yes
A3: EU | B3: Europe | C3: EUR | D3: 2 | E3: yes

Sheet ModuleLevel_Forecast
A1: scenario_name | B1: geography_code | C1: module | D1: month_index | E1: calendar_month | F1: patients_treated | G1: notes
A2: =Inputs!$B$2 | B2: US | C2: AML | D2: 1 | E2: =IF(OR($D2="",Inputs!$B$5=""),"",EDATE(Inputs!$B$5,$D2-1)) | F2: 25 | G2: Replace example row
A3: =Inputs!$B$2 | B3: US | C3: CML_Incident | D3: 1 | E3: =IF(OR($D3="",Inputs!$B$5=""),"",EDATE(Inputs!$B$5,$D3-1)) | F3: 5 | G3: CML must remain a separate module
A4: =Inputs!$B$2 | B4: EU | C4: MDS | D4: 1 | E4: =IF(OR($D4="",Inputs!$B$5=""),"",EDATE(Inputs!$B$5,$D4-1)) | F4: 12 | G4: Example only
A5: =Inputs!$B$2 | B5: EU | C5: CML_Prevalent | D5: 1 | E5: =IF(OR($D5="",Inputs!$B$5=""),"",EDATE(Inputs!$B$5,$D5-1)) | F5: 18 | G5: Example only
A6: =Inputs!$B$2 | E6: =IF(OR($D6="",Inputs!$B$5=""),"",EDATE(Inputs!$B$5,$D6-1))
A7: =Inputs!$B$2 | E7: =IF(OR($D7="",Inputs!$B$5=""),"",EDATE(Inputs!$B$5,$D7-1))
A8: =Inputs!$B$2 | E8: =IF(OR($D8="",Inputs!$B$5=""),"",EDATE(Inputs!$B$5,$D8-1))
A9: =Inputs!$B$2 | E9: =IF(OR($D9="",Inputs!$B$5=""),"",EDATE(Inputs!$B$5,$D9-1))
A10: =Inputs!$B$2 | E10: =IF(OR($D10="",Inputs!$B$5=""),"",EDATE(Inputs!$B$5,$D10-1))
A11: =Inputs!$B$2 | E11: =IF(OR($D11="",Inputs!$B$5=""),"",EDATE(Inputs!$B$5,$D11-1))
A12: =Inputs!$B$2 | E12: =IF(OR($D12="",Inputs!$B$5=""),"",EDATE(Inputs!$B$5,$D12-1))
A13: =Inputs!$B$2 | E13: =IF(OR($D13="",Inputs!$B$5=""),"",EDATE(Inputs!$B$5,$D13-1))
A14: =Inputs!$B$2 | E14: =IF(OR($D14="",Inputs!$B$5=""),"",EDATE(Inputs!$B$5,$D14-1))
A15: =Inputs!$B$2 | E15: =IF(OR($D15="",Inputs!$B$5=""),"",EDATE(Inputs!$B$5,$D15-1))
A16: =Inputs!$B$2 | E16: =IF(OR($D16="",Inputs!$B$5=""),"",EDATE(Inputs!$B$5,$D16-1))
A17: =Inputs!$B$2 | E17: =IF(OR($D17="",Inputs!$B$5=""),"",EDATE(Inputs!$B$5,$D17-1))
... A2501: =Inputs!$B$2 | E2501: =IF(OR($D2501="",Inputs!$B$5=""),"",EDATE(Inputs!$B$5,$D2501-1))

Sheet SegmentLevel_Forecast
A1: scenario_name | B1: geography_code | C1: module | D1: segment_code | E1: month_index | F1: calendar_month | G1: patients_treated | H1: notes
A2: =Inputs!$B$2 | B2: US | C2: AML | D2: 1L_fit | E2: 1 | F2: =IF(OR($E2="",Inputs!$B$5=""),"",EDATE(Inputs!$B$5,$E2-1)) | G2: 11 | H2: AML segmented example
A3: =Inputs!$B$2 | B3: US | C3: MDS | D3: HR_MDS | E3: 1 | F3: =IF(OR($E3="",Inputs!$B$5=""),"",EDATE(Inputs!$B$5,$E3-1)) | G3: 6 | H3: MDS segmented example
A4: =Inputs!$B$2 | B4: EU | C4: CML_Incident | D4: ALL | E4: 1 | F4: =IF(OR($E4="",Inputs!$B$5=""),"",EDATE(Inputs!$B$5,$E4-1)) | G4: 3 | H4: Use ALL for CML business submissions
A5: =Inputs!$B$2 | B5: EU | C5: CML_Prevalent | D5: ALL | E5: 1 | F5: =IF(OR($E5="",Inputs!$B$5=""),"",EDATE(Inputs!$B$5,$E5-1)) | G5: 8 | H5: Use ALL for CML business submissions
A6: =Inputs!$B$2 | F6: =IF(OR($E6="",Inputs!$B$5=""),"",EDATE(Inputs!$B$5,$E6-1))
A7: =Inputs!$B$2 | F7: =IF(OR($E7="",Inputs!$B$5=""),"",EDATE(Inputs!$B$5,$E7-1))
A8: =Inputs!$B$2 | F8: =IF(OR($E8="",Inputs!$B$5=""),"",EDATE(Inputs!$B$5,$E8-1))
A9: =Inputs!$B$2 | F9: =IF(OR($E9="",Inputs!$B$5=""),"",EDATE(Inputs!$B$5,$E9-1))
A10: =Inputs!$B$2 | F10: =IF(OR($E10="",Inputs!$B$5=""),"",EDATE(Inputs!$B$5,$E10-1))
A11: =Inputs!$B$2 | F11: =IF(OR($E11="",Inputs!$B$5=""),"",EDATE(Inputs!$B$5,$E11-1))
A12: =Inputs!$B$2 | F12: =IF(OR($E12="",Inputs!$B$5=""),"",EDATE(Inputs!$B$5,$E12-1))
A13: =Inputs!$B$2 | F13: =IF(OR($E13="",Inputs!$B$5=""),"",EDATE(Inputs!$B$5,$E13-1))
A14: =Inputs!$B$2 | F14: =IF(OR($E14="",Inputs!$B$5=""),"",EDATE(Inputs!$B$5,$E14-1))
A15: =Inputs!$B$2 | F15: =IF(OR($E15="",Inputs!$B$5=""),"",EDATE(Inputs!$B$5,$E15-1))
A16: =Inputs!$B$2 | F16: =IF(OR($E16="",Inputs!$B$5=""),"",EDATE(Inputs!$B$5,$E16-1))
A17: =Inputs!$B$2 | F17: =IF(OR($E17="",Inputs!$B$5=""),"",EDATE(Inputs!$B$5,$E17-1))
... A4001: =Inputs!$B$2 | F4001: =IF(OR($E4001="",Inputs!$B$5=""),"",EDATE(Inputs!$B$5,$E4001-1))

Sheet Annual_ModuleLevel_Forecast
A1: scenario_name | B1: geography_code | C1: module | D1: year_index | E1: calendar_year | F1: patients_treated_annual | G1: monthlyization_profile_id | H1: notes
A2: =Inputs!$B$2 | B2: US | C2: AML | D2: 1 | E2: =IF($D2="","",YEAR(Inputs!$B$5)+$D2-1) | F2: 120 | G2: LAUNCH_RAMP | H2: Launch year example
A3: =Inputs!$B$2 | B3: US | C3: CML_Incident | D3: 1 | E3: =IF($D3="","",YEAR(Inputs!$B$5)+$D3-1) | F3: 36 | G3: LAUNCH_RAMP | H3: Example only
A4: =Inputs!$B$2 | B4: EU | C4: MDS | D4: 2 | E4: =IF($D4="","",YEAR(Inputs!$B$5)+$D4-1) | F4: 180 | G4: STEADY_STATE | H4: Later-year example
A5: =Inputs!$B$2 | B5: EU | C5: CML_Prevalent | D5: 1 | E5: =IF($D5="","",YEAR(Inputs!$B$5)+$D5-1) | F5: 90 | G5: CML_PREVALENT_LAUNCH | H5: Explicit forecast example
A6: =Inputs!$B$2 | E6: =IF($D6="","",YEAR(Inputs!$B$5)+$D6-1)
A7: =Inputs!$B$2 | E7: =IF($D7="","",YEAR(Inputs!$B$5)+$D7-1)
A8: =Inputs!$B$2 | E8: =IF($D8="","",YEAR(Inputs!$B$5)+$D8-1)
A9: =Inputs!$B$2 | E9: =IF($D9="","",YEAR(Inputs!$B$5)+$D9-1)
A10: =Inputs!$B$2 | E10: =IF($D10="","",YEAR(Inputs!$B$5)+$D10-1)
A11: =Inputs!$B$2 | E11: =IF($D11="","",YEAR(Inputs!$B$5)+$D11-1)
A12: =Inputs!$B$2 | E12: =IF($D12="","",YEAR(Inputs!$B$5)+$D12-1)
A13: =Inputs!$B$2 | E13: =IF($D13="","",YEAR(Inputs!$B$5)+$D13-1)
A14: =Inputs!$B$2 | E14: =IF($D14="","",YEAR(Inputs!$B$5)+$D14-1)
A15: =Inputs!$B$2 | E15: =IF($D15="","",YEAR(Inputs!$B$5)+$D15-1)
A16: =Inputs!$B$2 | E16: =IF($D16="","",YEAR(Inputs!$B$5)+$D16-1)
A17: =Inputs!$B$2 | E17: =IF($D17="","",YEAR(Inputs!$B$5)+$D17-1)
... A401: =Inputs!$B$2 | E401: =IF($D401="","",YEAR(Inputs!$B$5)+$D401-1)

Sheet Annual_SegmentLevel_Forecast
A1: scenario_name | B1: geography_code | C1: module | D1: segment_code | E1: year_index | F1: calendar_year | G1: patients_treated_annual | H1: monthlyization_profile_id | I1: notes
A2: =Inputs!$B$2 | B2: US | C2: AML | D2: 1L_fit | E2: 1 | F2: =IF($E2="","",YEAR(Inputs!$B$5)+$E2-1) | G2: 48 | H2: LAUNCH_RAMP | I2: Launch year segment example
A3: =Inputs!$B$2 | B3: US | C3: MDS | D3: HR_MDS | E3: 2 | F3: =IF($E3="","",YEAR(Inputs!$B$5)+$E3-1) | G3: 30 | H3: STEADY_STATE | I3: Later-year example
A4: =Inputs!$B$2 | B4: EU | C4: CML_Incident | D4: ALL | E4: 1 | F4: =IF($E4="","",YEAR(Inputs!$B$5)+$E4-1) | G4: 24 | H4: LAUNCH_RAMP | I4: CML annual example
A5: =Inputs!$B$2 | B5: EU | C5: CML_Prevalent | D5: ALL | E5: 1 | F5: =IF($E5="","",YEAR(Inputs!$B$5)+$E5-1) | G5: 60 | H5: CML_PREVALENT_LAUNCH | I5: Explicit annual example
A6: =Inputs!$B$2 | F6: =IF($E6="","",YEAR(Inputs!$B$5)+$E6-1)
A7: =Inputs!$B$2 | F7: =IF($E7="","",YEAR(Inputs!$B$5)+$E7-1)
A8: =Inputs!$B$2 | F8: =IF($E8="","",YEAR(Inputs!$B$5)+$E8-1)
A9: =Inputs!$B$2 | F9: =IF($E9="","",YEAR(Inputs!$B$5)+$E9-1)
A10: =Inputs!$B$2 | F10: =IF($E10="","",YEAR(Inputs!$B$5)+$E10-1)
A11: =Inputs!$B$2 | F11: =IF($E11="","",YEAR(Inputs!$B$5)+$E11-1)
A12: =Inputs!$B$2 | F12: =IF($E12="","",YEAR(Inputs!$B$5)+$E12-1)
A13: =Inputs!$B$2 | F13: =IF($E13="","",YEAR(Inputs!$B$5)+$E13-1)
A14: =Inputs!$B$2 | F14: =IF($E14="","",YEAR(Inputs!$B$5)+$E14-1)
A15: =Inputs!$B$2 | F15: =IF($E15="","",YEAR(Inputs!$B$5)+$E15-1)
A16: =Inputs!$B$2 | F16: =IF($E16="","",YEAR(Inputs!$B$5)+$E16-1)
A17: =Inputs!$B$2 | F17: =IF($E17="","",YEAR(Inputs!$B$5)+$E17-1)
... A801: =Inputs!$B$2 | F801: =IF($E801="","",YEAR(Inputs!$B$5)+$E801-1)

Sheet AML_Mix
A1: scenario_name | B1: geography_code | C1: year_index | D1: month_index | E1: 1L_fit_share | F1: 1L_unfit_share | G1: RR_share | H1: sum_check | I1: status
A2: =Inputs!$B$2 | B2: US | C2: 1 | E2: 0.4 | F2: 0.35 | G2: 0.25 | H2: =IF(COUNTA(A2:G2)=0,"",ROUND(E2+F2+G2,6)) | I2: =IF(H2="","",IF(ABS(H2-1)<=0.000001,"OK","CHECK"))
A3: =Inputs!$B$2 | B3: EU | C3: 1 | E3: 0.45 | F3: 0.3 | G3: 0.25 | H3: =IF(COUNTA(A3:G3)=0,"",ROUND(E3+F3+G3,6)) | I3: =IF(H3="","",IF(ABS(H3-1)<=0.000001,"OK","CHECK"))
A4: =Inputs!$B$2 | B4: US | D4: 2 | E4: 0.5 | F4: 0.2 | G4: 0.3 | H4: =IF(COUNTA(A4:G4)=0,"",ROUND(E4+F4+G4,6)) | I4: =IF(H4="","",IF(ABS(H4-1)<=0.000001,"OK","CHECK"))
A5: =Inputs!$B$2 | H5: =IF(COUNTA(A5:G5)=0,"",ROUND(E5+F5+G5,6)) | I5: =IF(H5="","",IF(ABS(H5-1)<=0.000001,"OK","CHECK"))
A6: =Inputs!$B$2 | H6: =IF(COUNTA(A6:G6)=0,"",ROUND(E6+F6+G6,6)) | I6: =IF(H6="","",IF(ABS(H6-1)<=0.000001,"OK","CHECK"))
A7: =Inputs!$B$2 | H7: =IF(COUNTA(A7:G7)=0,"",ROUND(E7+F7+G7,6)) | I7: =IF(H7="","",IF(ABS(H7-1)<=0.000001,"OK","CHECK"))
A8: =Inputs!$B$2 | H8: =IF(COUNTA(A8:G8)=0,"",ROUND(E8+F8+G8,6)) | I8: =IF(H8="","",IF(ABS(H8-1)<=0.000001,"OK","CHECK"))
A9: =Inputs!$B$2 | H9: =IF(COUNTA(A9:G9)=0,"",ROUND(E9+F9+G9,6)) | I9: =IF(H9="","",IF(ABS(H9-1)<=0.000001,"OK","CHECK"))
A10: =Inputs!$B$2 | H10: =IF(COUNTA(A10:G10)=0,"",ROUND(E10+F10+G10,6)) | I10: =IF(H10="","",IF(ABS(H10-1)<=0.000001,"OK","CHECK"))
A11: =Inputs!$B$2 | H11: =IF(COUNTA(A11:G11)=0,"",ROUND(E11+F11+G11,6)) | I11: =IF(H11="","",IF(ABS(H11-1)<=0.000001,"OK","CHECK"))
A12: =Inputs!$B$2 | H12: =IF(COUNTA(A12:G12)=0,"",ROUND(E12+F12+G12,6)) | I12: =IF(H12="","",IF(ABS(H12-1)<=0.000001,"OK","CHECK"))
A13: =Inputs!$B$2 | H13: =IF(COUNTA(A13:G13)=0,"",ROUND(E13+F13+G13,6)) | I13: =IF(H13="","",IF(ABS(H13-1)<=0.000001,"OK","CHECK"))
A14: =Inputs!$B$2 | H14: =IF(COUNTA(A14:G14)=0,"",ROUND(E14+F14+G14,6)) | I14: =IF(H14="","",IF(ABS(H14-1)<=0.000001,"OK","CHECK"))
A15: =Inputs!$B$2 | H15: =IF(COUNTA(A15:G15)=0,"",ROUND(E15+F15+G15,6)) | I15: =IF(H15="","",IF(ABS(H15-1)<=0.000001,"OK","CHECK"))
A16: =Inputs!$B$2 | H16: =IF(COUNTA(A16:G16)=0,"",ROUND(E16+F16+G16,6)) | I16: =IF(H16="","",IF(ABS(H16-1)<=0.000001,"OK","CHECK"))
... A1001: =Inputs!$B$2 | H1001: =IF(COUNTA(A1001:G1001)=0,"",ROUND(E1001+F1001+G1001,6)) | I1001: =IF(H1001="","",IF(ABS(H1001-1)<=0.000001,"OK","CHECK"))

Sheet MDS_Mix
A1: scenario_name | B1: geography_code | C1: year_index | D1: month_index | E1: HR_MDS_share | F1: LR_MDS_share | G1: sum_check | H1: status
A2: =Inputs!$B$2 | B2: EU | C2: 1 | E2: 0.6 | F2: 0.4 | G2: =IF(COUNTA(A2:F2)=0,"",ROUND(E2+F2,6)) | H2: =IF(G2="","",IF(ABS(G2-1)<=0.000001,"OK","CHECK"))
A3: =Inputs!$B$2 | B3: EU | C3: 2 | E3: 0.55 | F3: 0.45 | G3: =IF(COUNTA(A3:F3)=0,"",ROUND(E3+F3,6)) | H3: =IF(G3="","",IF(ABS(G3-1)<=0.000001,"OK","CHECK"))
A4: =Inputs!$B$2 | B4: EU | D4: 14 | E4: 0.65 | F4: 0.35 | G4: =IF(COUNTA(A4:F4)=0,"",ROUND(E4+F4,6)) | H4: =IF(G4="","",IF(ABS(G4-1)<=0.000001,"OK","CHECK"))
A5: =Inputs!$B$2 | G5: =IF(COUNTA(A5:F5)=0,"",ROUND(E5+F5,6)) | H5: =IF(G5="","",IF(ABS(G5-1)<=0.000001,"OK","CHECK"))
A6: =Inputs!$B$2 | G6: =IF(COUNTA(A6:F6)=0,"",ROUND(E6+F6,6)) | H6: =IF(G6="","",IF(ABS(G6-1)<=0.000001,"OK","CHECK"))
A7: =Inputs!$B$2 | G7: =IF(COUNTA(A7:F7)=0,"",ROUND(E7+F7,6)) | H7: =IF(G7="","",IF(ABS(G7-1)<=0.000001,"OK","CHECK"))
A8: =Inputs!$B$2 | G8: =IF(COUNTA(A8:F8)=0,"",ROUND(E8+F8,6)) | H8: =IF(G8="","",IF(ABS(G8-1)<=0.000001,"OK","CHECK"))
A9: =Inputs!$B$2 | G9: =IF(COUNTA(A9:F9)=0,"",ROUND(E9+F9,6)) | H9: =IF(G9="","",IF(ABS(G9-1)<=0.000001,"OK","CHECK"))
A10: =Inputs!$B$2 | G10: =IF(COUNTA(A10:F10)=0,"",ROUND(E10+F10,6)) | H10: =IF(G10="","",IF(ABS(G10-1)<=0.000001,"OK","CHECK"))
A11: =Inputs!$B$2 | G11: =IF(COUNTA(A11:F11)=0,"",ROUND(E11+F11,6)) | H11: =IF(G11="","",IF(ABS(G11-1)<=0.000001,"OK","CHECK"))
A12: =Inputs!$B$2 | G12: =IF(COUNTA(A12:F12)=0,"",ROUND(E12+F12,6)) | H12: =IF(G12="","",IF(ABS(G12-1)<=0.000001,"OK","CHECK"))
A13: =Inputs!$B$2 | G13: =IF(COUNTA(A13:F13)=0,"",ROUND(E13+F13,6)) | H13: =IF(G13="","",IF(ABS(G13-1)<=0.000001,"OK","CHECK"))
A14: =Inputs!$B$2 | G14: =IF(COUNTA(A14:F14)=0,"",ROUND(E14+F14,6)) | H14: =IF(G14="","",IF(ABS(G14-1)<=0.000001,"OK","CHECK"))
A15: =Inputs!$B$2 | G15: =IF(COUNTA(A15:F15)=0,"",ROUND(E15+F15,6)) | H15: =IF(G15="","",IF(ABS(G15-1)<=0.000001,"OK","CHECK"))
A16: =Inputs!$B$2 | G16: =IF(COUNTA(A16:F16)=0,"",ROUND(E16+F16,6)) | H16: =IF(G16="","",IF(ABS(G16-1)<=0.000001,"OK","CHECK"))
... A1001: =Inputs!$B$2 | G1001: =IF(COUNTA(A1001:F1001)=0,"",ROUND(E1001+F1001,6)) | H1001: =IF(G1001="","",IF(ABS(G1001-1)<=0.000001,"OK","CHECK"))

Sheet Annual_to_Monthly_Profiles
A1: profile_id | B1: module | C1: geography_code | D1: segment_code | E1: profile_type | F1: month_1_weight | G1: month_2_weight | H1: month_3_weight | I1: month_4_weight | J1: month_5_weight | K1: month_6_weight | L1: month_7_weight | M1: month_8_weight | N1: month_9_weight | O1: month_10_weight | P1: month_11_weight | Q1: month_12_weight | R1: sum_check | S1: status | T1: notes
A2: FLAT_12 | E2: FLAT_12 | F2: 8.3333 | G2: 8.3333 | H2: 8.3333 | I2: 8.3333 | J2: 8.3333 | K2: 8.3333 | L2: 8.3333 | M2: 8.3333 | N2: 8.3333 | O2: 8.3333 | P2: 8.3333 | Q2: 8.3337 | R2: =IF(COUNTA(A2:Q2)=0,"",ROUND(SUM(F2:Q2),6)) | S2: =IF(R2="","",IF(ABS(R2-100)<=0.000001,"OK","CHECK")) | T2: Starter default profile. Use only when a flat split is appropriate.
A3: LAUNCH_RAMP | E3: LAUNCH_RAMP | F3: 2 | G3: 3 | H3: 4 | I3: 5 | J3: 6 | K3: 7 | L3: 8 | M3: 10 | N3: 12 | O3: 13 | P3: 14 | Q3: 16 | R3: =IF(COUNTA(A3:Q3)=0,"",ROUND(SUM(F3:Q3),6)) | S3: =IF(R3="","",IF(ABS(R3-100)<=0.000001,"OK","CHECK")) | T3: Starter default profile for launch years.
A4: STEADY_STATE | E4: STEADY_STATE | F4: 7 | G4: 7 | H4: 8 | I4: 8 | J4: 8 | K4: 8 | L4: 9 | M4: 9 | N4: 9 | O4: 9 | P4: 9 | Q4: 9 | R4: =IF(COUNTA(A4:Q4)=0,"",ROUND(SUM(F4:Q4),6)) | S4: =IF(R4="","",IF(ABS(R4-100)<=0.000001,"OK","CHECK")) | T4: Starter default profile for steady-state years.
A5: CML_PREVALENT_LAUNCH | B5: CML_Prevalent | D5: ALL | E5: CML_PREVALENT_BOLUS | F5: 1 | G5: 2 | H5: 3 | I5: 4 | J5: 6 | K5: 8 | L5: 10 | M5: 12 | N5: 14 | O5: 15 | P5: 13 | Q5: 12 | R5: =IF(COUNTA(A5:Q5)=0,"",ROUND(SUM(F5:Q5),6)) | S5: =IF(R5="","",IF(ABS(R5-100)<=0.000001,"OK","CHECK")) | T5: Starter default profile for the first CML prevalent bolus year.
A6: CML_PREVALENT_PEAK | B6: CML_Prevalent | D6: ALL | E6: CML_PREVALENT_BOLUS | F6: 6 | G6: 7 | H6: 8 | I6: 9 | J6: 9 | K6: 10 | L6: 10 | M6: 10 | N6: 9 | O6: 8 | P6: 7 | Q6: 7 | R6: =IF(COUNTA(A6:Q6)=0,"",ROUND(SUM(F6:Q6),6)) | S6: =IF(R6="","",IF(ABS(R6-100)<=0.000001,"OK","CHECK")) | T6: Starter default profile for middle or peak CML prevalent bolus years.
A7: CML_PREVALENT_TAIL | B7: CML_Prevalent | D7: ALL | E7: CML_PREVALENT_BOLUS | F7: 12 | G7: 11 | H7: 10 | I7: 10 | J7: 9 | K7: 9 | L7: 8 | M7: 8 | N7: 7 | O7: 6 | P7: 5 | Q7: 5 | R7: =IF(COUNTA(A7:Q7)=0,"",ROUND(SUM(F7:Q7),6)) | S7: =IF(R7="","",IF(ABS(R7-100)<=0.000001,"OK","CHECK")) | T7: Starter default profile for the final CML prevalent tail year.
R8: =IF(COUNTA(A8:Q8)=0,"",ROUND(SUM(F8:Q8),6)) | S8: =IF(R8="","",IF(ABS(R8-100)<=0.000001,"OK","CHECK"))
R9: =IF(COUNTA(A9:Q9)=0,"",ROUND(SUM(F9:Q9),6)) | S9: =IF(R9="","",IF(ABS(R9-100)<=0.000001,"OK","CHECK"))
R10: =IF(COUNTA(A10:Q10)=0,"",ROUND(SUM(F10:Q10),6)) | S10: =IF(R10="","",IF(ABS(R10-100)<=0.000001,"OK","CHECK"))
R11: =IF(COUNTA(A11:Q11)=0,"",ROUND(SUM(F11:Q11),6)) | S11: =IF(R11="","",IF(ABS(R11-100)<=0.000001,"OK","CHECK"))
R12: =IF(COUNTA(A12:Q12)=0,"",ROUND(SUM(F12:Q12),6)) | S12: =IF(R12="","",IF(ABS(R12-100)<=0.000001,"OK","CHECK"))
R13: =IF(COUNTA(A13:Q13)=0,"",ROUND(SUM(F13:Q13),6)) | S13: =IF(R13="","",IF(ABS(R13-100)<=0.000001,"OK","CHECK"))
R14: =IF(COUNTA(A14:Q14)=0,"",ROUND(SUM(F14:Q14),6)) | S14: =IF(R14="","",IF(ABS(R14-100)<=0.000001,"OK","CHECK"))
R15: =IF(COUNTA(A15:Q15)=0,"",ROUND(SUM(F15:Q15),6)) | S15: =IF(R15="","",IF(ABS(R15-100)<=0.000001,"OK","CHECK"))
R16: =IF(COUNTA(A16:Q16)=0,"",ROUND(SUM(F16:Q16),6)) | S16: =IF(R16="","",IF(ABS(R16-100)<=0.000001,"OK","CHECK"))
R17: =IF(COUNTA(A17:Q17)=0,"",ROUND(SUM(F17:Q17),6)) | S17: =IF(R17="","",IF(ABS(R17-100)<=0.000001,"OK","CHECK"))
R18: =IF(COUNTA(A18:Q18)=0,"",ROUND(SUM(F18:Q18),6)) | S18: =IF(R18="","",IF(ABS(R18-100)<=0.000001,"OK","CHECK"))
R19: =IF(COUNTA(A19:Q19)=0,"",ROUND(SUM(F19:Q19),6)) | S19: =IF(R19="","",IF(ABS(R19-100)<=0.000001,"OK","CHECK"))
... R51: =IF(COUNTA(A51:Q51)=0,"",ROUND(SUM(F51:Q51),6)) | S51: =IF(R51="","",IF(ABS(R51-100)<=0.000001,"OK","CHECK"))

Sheet CML_Prevalent_Assumptions
A1: scenario_name | B1: geography_code | C1: year_index | D1: calendar_year | E1: addressable_prevalent_pool_annual | F1: fallback_patients_treated_annual | G1: monthlyization_profile_id | H1: launch_month_index | I1: duration_months | J1: exhaustion_rule | K1: notes
A2: =Inputs!$B$2 | B2: US | C2: 1 | D2: =IF($C2="","",YEAR(Inputs!$B$5)+$C2-1) | E2: 120 | F2: 60 | G2: CML_PREVALENT_LAUNCH | H2: 1 | I2: 24 | J2: track_vs_pool | K2: Fallback example row for the first bolus year.
A3: =Inputs!$B$2 | B3: US | C3: 2 | D3: =IF($C3="","",YEAR(Inputs!$B$5)+$C3-1) | E3: 180 | F3: 80 | G3: CML_PREVALENT_PEAK | H3: 1 | I3: 24 | J3: track_vs_pool | K3: Example peak year.
A4: =Inputs!$B$2 | B4: EU | C4: 1 | D4: =IF($C4="","",YEAR(Inputs!$B$5)+$C4-1) | E4: 90 | F4: 45 | G4: CML_PREVALENT_TAIL | H4: 4 | I4: 12 | J4: track_vs_pool | K4: Example with a delayed launch month.
A5: =Inputs!$B$2 | D5: =IF($C5="","",YEAR(Inputs!$B$5)+$C5-1)
A6: =Inputs!$B$2 | D6: =IF($C6="","",YEAR(Inputs!$B$5)+$C6-1)
A7: =Inputs!$B$2 | D7: =IF($C7="","",YEAR(Inputs!$B$5)+$C7-1)
A8: =Inputs!$B$2 | D8: =IF($C8="","",YEAR(Inputs!$B$5)+$C8-1)
A9: =Inputs!$B$2 | D9: =IF($C9="","",YEAR(Inputs!$B$5)+$C9-1)
A10: =Inputs!$B$2 | D10: =IF($C10="","",YEAR(Inputs!$B$5)+$C10-1)
A11: =Inputs!$B$2 | D11: =IF($C11="","",YEAR(Inputs!$B$5)+$C11-1)
A12: =Inputs!$B$2 | D12: =IF($C12="","",YEAR(Inputs!$B$5)+$C12-1)
A13: =Inputs!$B$2 | D13: =IF($C13="","",YEAR(Inputs!$B$5)+$C13-1)
A14: =Inputs!$B$2 | D14: =IF($C14="","",YEAR(Inputs!$B$5)+$C14-1)
A15: =Inputs!$B$2 | D15: =IF($C15="","",YEAR(Inputs!$B$5)+$C15-1)
A16: =Inputs!$B$2 | D16: =IF($C16="","",YEAR(Inputs!$B$5)+$C16-1)
... A101: =Inputs!$B$2 | D101: =IF($C101="","",YEAR(Inputs!$B$5)+$C101-1)

Sheet Monthlyized_Output
A1: scenario_name | B1: geography_code | C1: module | D1: segment_code | E1: month_index | F1: calendar_month | G1: patients_treated_monthly | H1: source_frequency | I1: source_grain | J1: source_sheet | K1: profile_id_used | L1: notes
A2: =Inputs!$B$2 | B2: REFERENCE_ONLY | C2: REFERENCE_ONLY | D2: REFERENCE_ONLY | H2: =Inputs!$B$4 | I2: =Inputs!$B$3 | J2: CSV export is authoritative | L2: Reference tab only in Phase 1 unless a future exporter populates it. The authoritative normalized workbook export is monthlyized_output.csv written by the importer.

Sheet Lookup_Lists
A1: forecast_grain | B1: forecast_frequency | C1: module | D1: profile_id | E1: profile_type | F1: segment_code_all | G1: aml_segments | H1: mds_segments | I1: yes_no | J1: true_false | K1: exhaustion_rule
A2: module_level | B2: monthly | C2: AML | D2: FLAT_12 | E2: FLAT_12 | F2: 1L_fit | G2: 1L_fit | H2: HR_MDS | I2: yes | J2: true | K2: track_vs_pool
A3: segment_level | B3: annual | C3: MDS | D3: LAUNCH_RAMP | E3: LAUNCH_RAMP | F3: 1L_unfit | G3: 1L_unfit | H3: LR_MDS | I3: no | J3: false | K3: placeholder_metadata_only
C4: CML_Incident | D4: STEADY_STATE | E4: STEADY_STATE | F4: RR | G4: RR | K4: validate_only
C5: CML_Prevalent | D5: CML_PREVALENT_LAUNCH | E5: CML_PREVALENT_BOLUS | F5: HR_MDS
D6: CML_PREVALENT_PEAK | F6: LR_MDS
D7: CML_PREVALENT_TAIL | F7: ALL
