Workbook

Sheet Instructions
A1: Section | B1: Guidance | C1: Details
A2: Workbook purpose | B2: Use this workbook as the business-facing assumptions entry point for the CBX-250 model. | C2: Users should edit Excel assumptions here rather than hand-editing TOML files. The importer converts these rows into normalized artifacts plus generated Phase 2 and Phase 3 parameter configs.
A3: Scope | B3: Current scope covers Phase 1, Phase 2, and the active deterministic Phase 3, Phase 4, and Phase 5 assumptions. | C3: Financials, Monte Carlo, and UI remain later-phase work. Trade_Inventory_FutureHooks now wires the active deterministic Phase 3 trade config plus the active deterministic Phase 4 scheduling and Phase 5 inventory configs.
A4: Required entry pattern | B4: Fill Scenario_Controls first, then the active assumption sheets that apply to your scenario. | C4: One active Scenario_Controls row is required. Dosing_Assumptions should provide one active module row for AML, MDS, CML_Incident, and CML_Prevalent. The seeded base case uses demand_basis = patient_starts, so populate active Treatment_Duration_Assumptions rows before running the forecast workflow.
A5: Phase 1 demand basis | B5: patient_starts is the preferred default operating mode and represents the approved base-case commercial input path. | C5: treated_census remains supported for backward compatibility and special cases only. Do not apply duration logic on top of already treated-census inputs.
A6: Scope precedence | B6: When a sheet supports both scenario-level defaults and module-specific overrides, module-specific override rows take precedence over scenario-default rows. | C6: Current generated Phase 2 config already applies this precedence for module FG mg per unit. For ds_qty_per_dp_unit_mg and ds_overage_factor, module overrides are preserved in normalized artifacts but the current engine still consumes the scenario default only.
A7: Current engine wiring | B7: The importer generates machine-readable CSV artifacts plus generated_phase2_parameters.toml / generated_phase2_scenario.toml, generated_phase3_parameters.toml / generated_phase3_scenario.toml, generated_phase4_parameters.toml / generated_phase4_scenario.toml, and generated_phase5_parameters.toml / generated_phase5_scenario.toml. | C7: Current wiring consumes: Scenario_Controls.demand_basis plus Treatment_Duration_Assumptions for Phase 1 starts-based mode; dose_basis_default, module-specific dosing values, module FG mg per unit, module FG vialing rule, global yields, DS quantity per DP unit default, DS overage default, SS ratio, and co_pack_mode for Phase 2; active deterministic trade parameters from Trade_Inventory_FutureHooks for Phase 3; and active deterministic Phase 4 scheduling plus Phase 5 inventory controls from Trade_Inventory_FutureHooks together with the scenario-default Product_Parameters, Yield_Assumptions, and SS_Assumptions rows.
A8: Future-ready fields | B8: Launch_Timing, geography-specific overrides, segment-specific overrides, dp_concentration_mg_per_ml, and dp_fill_volume_ml are preserved in normalized outputs even if not yet wired into active model logic. | C8: CML_Prevalent_Assumptions remains a dedicated artifact sheet. Populate approved pool, timing, and exhaustion metadata here without treating CML like AML/MDS segment mix logic. Trade_Inventory_FutureHooks still carries a historical name, but it now also feeds the active deterministic Phase 3 trade config plus the active Phase 4 scheduling and Phase 5 inventory config bridges.
A9: Workbook to model bridge | B9: After import, use the generated Phase 2 or Phase 3 scenario directly, or pass the assumptions workbook into the one-command forecast workflow. | C9: This keeps the current architecture intact while removing the need to edit TOML by hand for the active deterministic assumptions. The workflow also consumes the generated treatment duration artifact when demand_basis = patient_starts and can optionally run through Phase 5.
A10: Approved base-case defaults | B10: Seeded defaults reflect the current approved base case: annual patient_starts for Phase 1, fixed dose 0.15 mg, weight-based 0.0023 mg/kg, deterministic average weight 80 kg, AML/MDS 4.33 doses per month, CML modules 1.00 dose per month, fg_mg_per_unit 1.0 mg, DS quantity per DP unit 1.0 mg, ds_to_dp_yield 0.90, dp_to_fg_yield 0.98, ds_overage_factor 0.05, ss_ratio_to_fg 1.0. | C10: Where the approved contract is still unresolved, rows are labeled PLACEHOLDER rather than silently inventing a final business assumption.

Sheet Scenario_Controls
A1: scenario_name | B1: scenario_description | C1: active_flag | D1: forecast_grain | E1: forecast_frequency | F1: demand_basis | G1: dose_basis_default | H1: base_currency | I1: notes
A2: BASE_2029 | B2: Approved base-case assumptions bridge | C2: yes | D2: module_level | E2: annual | F2: patient_starts | G2: fixed | H2: USD | I2: Edit this row instead of hand-editing config files. Seeded for the annual patient_starts base case.

Sheet Launch_Timing
A1: scenario_name | B1: module | C1: geography_code | D1: initial_approval_date | E1: launch_offset_months | F1: active_flag | G1: notes
A2: =IF(Scenario_Controls!$A$2="","",Scenario_Controls!$A$2) | B2: AML | C2: ALL | D2: 47119 | E2: 0 | F2: yes | G2: PLACEHOLDER shared launch timing until module-specific approval dates are approved.
A3: =IF(Scenario_Controls!$A$2="","",Scenario_Controls!$A$2) | B3: MDS | C3: ALL | D3: 47119 | E3: 0 | F3: yes | G3: PLACEHOLDER shared launch timing until module-specific approval dates are approved.
A4: =IF(Scenario_Controls!$A$2="","",Scenario_Controls!$A$2) | B4: CML_Incident | C4: ALL | D4: 47119 | E4: 0 | F4: no | G4: PLACEHOLDER example row. Activate only when approved CML launch timing is available.
A5: =IF(Scenario_Controls!$A$2="","",Scenario_Controls!$A$2) | B5: CML_Prevalent | C5: ALL | D5: 47119 | E5: 0 | F5: no | G5: PLACEHOLDER example row. Activate only when approved CML launch timing is available.

Sheet Dosing_Assumptions
A1: scenario_name | B1: module | C1: geography_code | D1: segment_code | E1: dose_basis | F1: fixed_dose_mg | G1: weight_based_dose_mg_per_kg | H1: average_patient_weight_kg | I1: doses_per_patient_per_month | J1: step_up_enabled | K1: step_up_schedule_id | L1: dose_reduction_enabled | M1: dose_reduction_pct | N1: adherence_rate | O1: free_goods_pct | P1: active_flag | Q1: notes
A2: =IF(Scenario_Controls!$A$2="","",Scenario_Controls!$A$2) | B2: AML | C2: ALL | D2: ALL | E2: fixed | F2: 0.15 | G2: 0.0023 | H2: 80 | I2: 4.33 | J2: false | K2: PLACEHOLDER_INACTIVE | L2: false | M2: 0 | N2: 1 | O2: 0 | P2: yes | Q2: Approved AML base-case cadence QW -> 4.33.
A3: =IF(Scenario_Controls!$A$2="","",Scenario_Controls!$A$2) | B3: MDS | C3: ALL | D3: ALL | E3: fixed | F3: 0.15 | G3: 0.0023 | H3: 80 | I3: 4.33 | J3: false | K3: PLACEHOLDER_INACTIVE | L3: false | M3: 0 | N3: 1 | O3: 0 | P3: yes | Q3: Approved MDS base-case cadence QW -> 4.33.
A4: =IF(Scenario_Controls!$A$2="","",Scenario_Controls!$A$2) | B4: CML_Incident | C4: ALL | D4: ALL | E4: fixed | F4: 0.15 | G4: 0.0023 | H4: 80 | I4: 1 | J4: false | K4: PLACEHOLDER_INACTIVE | L4: false | M4: 0 | N4: 1 | O4: 0 | P4: yes | Q4: Approved CML_Incident cadence Q4W -> 1.00.
A5: =IF(Scenario_Controls!$A$2="","",Scenario_Controls!$A$2) | B5: CML_Prevalent | C5: ALL | D5: ALL | E5: fixed | F5: 0.15 | G5: 0.0023 | H5: 80 | I5: 1 | J5: false | K5: PLACEHOLDER_INACTIVE | L5: false | M5: 0 | N5: 1 | O5: 0 | P5: yes | Q5: Approved CML_Prevalent cadence Q4W -> 1.00.

Sheet Treatment_Duration_Assumptions
A1: scenario_name | B1: module | C1: segment_code | D1: geography_code | E1: treatment_duration_months | F1: active_flag | G1: notes
A2: =IF(Scenario_Controls!$A$2="","",Scenario_Controls!$A$2) | B2: AML | C2: 1L_fit | D2: ALL | E2: 12 | F2: yes | G2: Approved base-case duration default.
A3: =IF(Scenario_Controls!$A$2="","",Scenario_Controls!$A$2) | B3: AML | C3: 1L_unfit | D3: ALL | E3: 10 | F3: yes | G3: Approved base-case duration default.
A4: =IF(Scenario_Controls!$A$2="","",Scenario_Controls!$A$2) | B4: AML | C4: RR | D4: ALL | E4: 6 | F4: yes | G4: Approved base-case duration default.
A5: =IF(Scenario_Controls!$A$2="","",Scenario_Controls!$A$2) | B5: MDS | C5: HR_MDS | D5: ALL | E5: 12 | F5: yes | G5: Approved base-case duration default.
A6: =IF(Scenario_Controls!$A$2="","",Scenario_Controls!$A$2) | B6: MDS | C6: LR_MDS | D6: ALL | E6: 12 | F6: yes | G6: Approved base-case duration default.
A7: =IF(Scenario_Controls!$A$2="","",Scenario_Controls!$A$2) | B7: CML_Incident | C7: CML_Incident | D7: ALL | E7: 24 | F7: yes | G7: Approved base-case duration default.
A8: =IF(Scenario_Controls!$A$2="","",Scenario_Controls!$A$2) | B8: CML_Prevalent | C8: CML_Prevalent | D8: ALL | E8: 24 | F8: yes | G8: Approved base-case duration default.

Sheet Product_Parameters
A1: scenario_name | B1: parameter_scope | C1: module | D1: geography_code | E1: ds_qty_per_dp_unit_mg | F1: dp_concentration_mg_per_ml | G1: dp_fill_volume_ml | H1: fg_mg_per_unit | I1: active_flag | J1: notes
A2: =IF(Scenario_Controls!$A$2="","",Scenario_Controls!$A$2) | B2: scenario_default | C2: ALL | D2: ALL | E2: 1 | H2: 1 | I2: yes | J2: Approved scenario default row. Current engine consumes this ds_qty_per_dp_unit_mg default.
A3: =IF(Scenario_Controls!$A$2="","",Scenario_Controls!$A$2) | B3: module_override | C3: AML | D3: ALL | E3: 1 | H3: 1 | I3: no | J3: Optional module-specific override example. Preserved in normalized artifacts for future use.

Sheet Yield_Assumptions
A1: scenario_name | B1: parameter_scope | C1: module | D1: geography_code | E1: ds_to_dp_yield | F1: dp_to_fg_yield | G1: fg_pack_yield | H1: ss_yield | I1: ds_overage_factor | J1: active_flag | K1: notes
A2: =IF(Scenario_Controls!$A$2="","",Scenario_Controls!$A$2) | B2: scenario_default | C2: ALL | D2: ALL | E2: 0.9 | F2: 0.98 | G2: 1 | H2: 1 | I2: 0.05 | J2: yes | K2: Approved deterministic scenario default row.
A3: =IF(Scenario_Controls!$A$2="","",Scenario_Controls!$A$2) | B3: module_override | C3: AML | D3: ALL | E3: 0.9 | F3: 0.98 | G3: 1 | H3: 1 | I3: 0.05 | J3: no | K3: Optional module-specific override example. Preserved for future use; current engine still consumes scenario-default ds_overage_factor.

Sheet Packaging_and_Vialing
A1: scenario_name | B1: module | C1: geography_code | D1: fg_vialing_rule | E1: single_patient_use_only | F1: vial_sharing_allowed | G1: vials_per_carton | H1: partial_pack_handling | I1: active_flag | J1: notes
A2: =IF(Scenario_Controls!$A$2="","",Scenario_Controls!$A$2) | B2: AML | C2: ALL | D2: patient_dose_ceiling | E2: true | F2: false | G2: 1 | H2: full_pack_consumed | I2: yes | J2: Approved base case: patient-dose ceiling, no sharing, 1 vial per carton, full pack consumed.
A3: =IF(Scenario_Controls!$A$2="","",Scenario_Controls!$A$2) | B3: MDS | C3: ALL | D3: patient_dose_ceiling | E3: true | F3: false | G3: 1 | H3: full_pack_consumed | I3: yes | J3: Approved base case: patient-dose ceiling, no sharing, 1 vial per carton, full pack consumed.
A4: =IF(Scenario_Controls!$A$2="","",Scenario_Controls!$A$2) | B4: CML_Incident | C4: ALL | D4: patient_dose_ceiling | E4: true | F4: false | G4: 1 | H4: full_pack_consumed | I4: yes | J4: Approved base case: patient-dose ceiling, no sharing, 1 vial per carton, full pack consumed.
A5: =IF(Scenario_Controls!$A$2="","",Scenario_Controls!$A$2) | B5: CML_Prevalent | C5: ALL | D5: patient_dose_ceiling | E5: true | F5: false | G5: 1 | H5: full_pack_consumed | I5: yes | J5: Approved base case: patient-dose ceiling, no sharing, 1 vial per carton, full pack consumed.

Sheet SS_Assumptions
A1: scenario_name | B1: module | C1: geography_code | D1: ss_ratio_to_fg | E1: co_pack_mode | F1: active_flag | G1: notes
A2: =IF(Scenario_Controls!$A$2="","",Scenario_Controls!$A$2) | B2: ALL | C2: ALL | D2: 1 | E2: separate_sku_first | F2: yes | G2: Approved deterministic scenario default row. Current engine consumes a global SS ratio and co_pack_mode.

Sheet CML_Prevalent_Assumptions
A1: scenario_name | B1: geography_code | C1: addressable_prevalent_pool | D1: launch_year_index | E1: launch_month_index | F1: duration_months | G1: curve_profile_id | H1: bolus_start_year | I1: bolus_end_year | J1: exhaustion_year | K1: exhaustion_rule | L1: source | M1: active_flag | N1: notes
A2: =IF(Scenario_Controls!$A$2="","",Scenario_Controls!$A$2) | B2: US | D2: 1 | E2: 1 | F2: 12 | G2: PLACEHOLDER_PROFILE | H2: 1 | I2: 3 | J2: 4 | K2: track_vs_pool | L2: PLACEHOLDER | M2: no | N2: PLACEHOLDER populate approved US prevalent pool inputs before activating.
A3: =IF(Scenario_Controls!$A$2="","",Scenario_Controls!$A$2) | B3: EU | D3: 1 | E3: 1 | F3: 12 | G3: PLACEHOLDER_PROFILE | H3: 1 | I3: 3 | J3: 4 | K3: track_vs_pool | L3: PLACEHOLDER | M3: no | N3: PLACEHOLDER populate approved EU prevalent pool inputs before activating.

Sheet Trade_Inventory_FutureHooks
A1: scenario_name | B1: trade_row_type | C1: module | D1: geography_code | E1: sublayer1_target_weeks_on_hand | F1: sublayer2_target_weeks_on_hand | G1: sublayer2_wastage_rate | H1: initial_stocking_units_per_new_site | I1: ss_units_per_new_site | J1: sublayer1_launch_fill_months_of_demand | K1: rems_certification_lag_weeks | L1: january_softening_enabled | M1: january_softening_factor | N1: bullwhip_flag_threshold | O1: channel_fill_start_prelaunch_weeks | P1: sublayer2_fill_distribution_weeks | Q1: weeks_per_month | R1: site_activation_rate | S1: certified_sites_at_launch | T1: certified_sites_at_peak | U1: launch_month_index | V1: bullwhip_amplification_threshold | W1: bullwhip_review_window_months | X1: excess_build_threshold_ratio | Y1: supply_gap_tolerance_units | Z1: capacity_clip_tolerance_units | AA1: cml_prevalent_forward_window_months | AB1: projected_cml_prevalent_bolus_exhaustion_month_index | AC1: fg_lead_time_from_dp_release_weeks | AD1: fg_packaging_cycle_weeks | AE1: fg_release_qa_weeks | AF1: fg_total_order_to_release_weeks | AG1: fg_packaging_campaign_size_units | AH1: dp_lead_time_from_ds_release_weeks | AI1: dp_manufacturing_cycle_weeks | AJ1: dp_release_testing_weeks | AK1: dp_total_order_to_release_weeks | AL1: dp_min_batch_size_units | AM1: dp_max_batch_size_units | AN1: dp_min_campaign_batches | AO1: dp_annual_capacity_batches | AP1: ds_lead_time_to_batch_start_planning_horizon_weeks | AQ1: ds_manufacturing_cycle_weeks | AR1: ds_release_testing_weeks | AS1: ds_total_order_to_release_weeks | AT1: ds_min_batch_size_kg | AU1: ds_max_batch_size_kg | AV1: ds_min_campaign_batches | AW1: ds_annual_capacity_batches | AX1: ss_order_to_release_lead_time_weeks | AY1: ss_batch_size_units | AZ1: ss_min_campaign_batches | BA1: ss_annual_capacity_batches | BB1: ss_release_must_coincide_with_or_precede_fg | BC1: starting_inventory_ds_mg | BD1: starting_inventory_dp_units | BE1: starting_inventory_fg_units | BF1: starting_inventory_ss_units | BG1: starting_inventory_sublayer1_fg_units | BH1: starting_inventory_sublayer2_fg_units | BI1: shelf_life_ds_months | BJ1: shelf_life_dp_months | BK1: shelf_life_fg_months | BL1: shelf_life_ss_months | BM1: excess_inventory_threshold_months_of_cover | BN1: stockout_tolerance_units | BO1: fefo_enabled | BP1: ss_fg_match_required | BQ1: allow_prelaunch_inventory_build | BR1: phase5_enforce_unique_output_keys | BS1: phase5_reconcile_phase4_receipts | BT1: phase5_reconciliation_tolerance_units | BU1: active_flag | BV1: notes
A2: =IF(Scenario_Controls!$A$2="","",Scenario_Controls!$A$2) | B2: scenario_default | C2: ALL | D2: ALL | E2: 2.5 | F2: 1.5 | G2: 0 | H2: 6 | I2: 6 | J2: 1 | K2: 0 | L2: false | M2: 1 | N2: 0.25 | O2: 4 | P2: 8 | Q2: 4.33 | V2: 1.25 | W2: 2 | X2: 0.25 | Y2: 1e-06 | Z2: 1e-06 | AA2: 6 | AB2: 0 | AC2: 4 | AD2: 2 | AE2: 2 | AF2: 8 | AG2: 50000 | AH2: 4 | AI2: 2 | AJ2: 12 | AK2: 18 | AL2: 100000 | AM2: 500000 | AN2: 3 | AO2: 10 | AP2: 24 | AQ2: 8 | AR2: 12 | AS2: 44 | AT2: 2 | AU2: 4 | AV2: 3 | AW2: 5 | AX2: 24 | AY2: 100000 | AZ2: 3 | BA2: 10 | BB2: true | BC2: 0 | BD2: 0 | BE2: 0 | BF2: 0 | BG2: 0 | BH2: 0 | BI2: 24 | BJ2: 24 | BK2: 24 | BL2: 24 | BM2: 6 | BN2: 1e-06 | BO2: true | BP2: true | BQ2: true | BR2: true | BS2: true | BT2: 1e-06 | BU2: yes | BV2: Active deterministic defaults for Phase 3, Phase 4, and Phase 5. Edit here instead of hand-editing phase3_trade_layer.toml, phase4_production_schedule.toml, or phase5_inventory_layer.toml.
A3: =IF(Scenario_Controls!$A$2="","",Scenario_Controls!$A$2) | B3: geography_default | C3: ALL | D3: US | R3: 5 | S3: 5 | T3: 25 | BU3: yes | BV3: Approved/sample US site activation defaults for the deterministic Phase 3 trade layer.
A4: =IF(Scenario_Controls!$A$2="","",Scenario_Controls!$A$2) | B4: geography_default | C4: ALL | D4: EU | R4: 3 | S4: 3 | T4: 18 | BU4: yes | BV4: Approved/sample EU site activation defaults for the deterministic Phase 3 trade layer.
A5: =IF(Scenario_Controls!$A$2="","",Scenario_Controls!$A$2) | B5: launch_event | C5: AML | D5: US | U5: 1 | BU5: yes | BV5: Approved/sample launch event.
A6: =IF(Scenario_Controls!$A$2="","",Scenario_Controls!$A$2) | B6: launch_event | C6: MDS | D6: US | U6: 1 | BU6: yes | BV6: Approved/sample launch event.
A7: =IF(Scenario_Controls!$A$2="","",Scenario_Controls!$A$2) | B7: launch_event | C7: CML_Incident | D7: US | U7: 1 | BU7: yes | BV7: Approved/sample launch event.
A8: =IF(Scenario_Controls!$A$2="","",Scenario_Controls!$A$2) | B8: launch_event | C8: CML_Prevalent | D8: US | U8: 1 | BU8: yes | BV8: Approved/sample launch event.
A9: =IF(Scenario_Controls!$A$2="","",Scenario_Controls!$A$2) | B9: launch_event | C9: AML | D9: EU | U9: 1 | BU9: yes | BV9: Approved/sample launch event.
A10: =IF(Scenario_Controls!$A$2="","",Scenario_Controls!$A$2) | B10: launch_event | C10: MDS | D10: EU | U10: 1 | BU10: yes | BV10: Approved/sample launch event.
A11: =IF(Scenario_Controls!$A$2="","",Scenario_Controls!$A$2) | B11: launch_event | C11: CML_Incident | D11: EU | U11: 1 | BU11: yes | BV11: Approved/sample launch event.
A12: =IF(Scenario_Controls!$A$2="","",Scenario_Controls!$A$2) | B12: launch_event | C12: CML_Prevalent | D12: EU | U12: 1 | BU12: yes | BV12: Approved/sample launch event.

Sheet Lookup_Lists
A1: modules | B1: modules_with_all | C1: dose_basis | D1: demand_basis | E1: yes_no | F1: true_false | G1: parameter_scope | H1: vialing_rule | I1: co_pack_mode | J1: active_flag | K1: forecast_grain | L1: forecast_frequency | M1: partial_pack_handling | N1: exhaustion_rule | O1: trade_row_type
A2: AML | B2: ALL | C2: fixed | D2: patient_starts | E2: yes | F2: true | G2: scenario_default | H2: patient_dose_ceiling | I2: separate_sku_first | J2: yes | K2: module_level | L2: annual | M2: full_pack_consumed | N2: track_vs_pool | O2: scenario_default
A3: MDS | B3: AML | C3: weight_based | D3: treated_census | E3: no | F3: false | G3: module_override | J3: no | K3: segment_level | L3: monthly | N3: placeholder_metadata_only | O3: geography_default
A4: CML_Incident | B4: MDS | N4: validate_only | O4: launch_event
A5: CML_Prevalent | B5: CML_Incident
B6: CML_Prevalent
